date,gdp,gnp,potential_gdp,real_gdp,real_gnp,real_potential_gdp,real_gdp_nfb,potential_lf,potential_lf_prod,potential_lfpr,noncyclical_rate_of_unemployment,output_gap,nfb_real_potential_gdp,nfb_potential_hrs_worked,nfb_index_capital_services,nfb_potential_tfp,nfb_potential_lab_prod,nfb_capital_share,pce_price_index,core_pce_price_index,pce_medical_price_index,cpiu,core_cpiu,chained_cpiu,cpiu_medical_price_index,gdp_price_index,eci_wages_salaries,oil_rac_imported,oil_price_wti_spot,nat_gas_price_henry_hub,house_price_index_fhfa,exchange_rate_export_weighted,unemployment_rate,labor_force,lfpr_16yo,empl_civ_16yo,empl_payroll_nf,output_per_hr_nfb,hours_nfb,population_civ_16yo,households,treasury_note_rate_10yr,treasury_bill_rate_3mo,fed_funds_rate,gdi,personal_income,compensation,wages_and_salaries,nonwage_income,prop_inc_farm_adj,prop_inc_nonfarm_adj,rental_inc_adj,interest_inc_pers,dividend_inc_pers,corp_profits_adj,corp_profits_domestic_adj,pce,gross_pri_dom_invest,nonres_fixed_invest,res_fixed_invest,change_pri_inv,government_c_gi,federal_government_c_gi,sl_government_c_gi,net_exports,exports,imports,current_account_balance,real_pce,real_gross_pri_dom_invest,real_nonres_fixed_invest,real_res_fixed_invest,real_change_pri_invest,real_government_c_gi,real_federal_government_c_gi,real_sl_government_c_gi,real_net_exports,real_exports,real_imports
1949,272.475,273.775,277.6753791,2261.925,2277.9,2304.080359,1445.125,61.39415145,37.52765305,58.98437621,5.264786296,-1.805880452,1475.839203,NA,7.946288087,NA,16.89307023,0.329,12.3795,NA,NA,23.80916667,NA,NA,14.83333333,12.0525,NA,NA,NA,NA,NA,NA,6.05,61.39475,59.03597803,57.68258333,43.83375,23.838,40.959,103.9943333,NA,NA,1.115,NA,270.75,211.075,144.35,134.725,60.375,11.975,22.7,7.8,10.675,7.225,29.05,27.925,178.3,39.0995,26.94975,14.841,-2.6915,49.808,30.42275,19.3855,5.25,14.475,9.25,0.875,1440.575,215.3475,121.865,177.399,-12.72675,654.14075,312.5095,321.26675,9.925,68.675,58.75
1950,299.825,301.3,296.0015491,2458.525,2476.125,2427.944557,1591.275,61.84341966,39.25938537,59.01860331,5.29125475,1.231838557,1554.580965,42.35028328,8.278480941,42.69779785,17.47013719,0.329,12.5265,NA,NA,24.0625,NA,NA,15.1,12.1655,NA,NA,NA,NA,NA,NA,5.208333333,62.12166667,59.16546235,58.89166667,45.28225,25.424,42.26525,104.9960833,NA,NA,1.203333333,NA,298.55,233.75,158.275,147.25,66.95,12.85,24.65,8.775,11.825,8.85,36.05,34.775,192.025,56.5305,30.0175,20.74375,5.7695,50.5145,29.418,21.097,0.725,12.35,11.6,-1.85,1533.1,299.986,132.97525,241.99025,24.0585,656.9625,298.63375,347.33,-9.275,60.175,69.45
1951,346.925,348.8,333.9634367,2656.35,2677.425,2557.093823,1708.925,61.7982615,41.37804925,59.05680222,5.317979476,3.880478234,1633.020759,42.85631504,8.663867993,43.83933414,18.13491492,0.329,13.37975,NA,NA,25.97333333,NA,NA,15.825,12.99025,NA,NA,NA,NA,NA,NA,3.283333333,62.01666667,59.27676066,59.96675,47.92575,26.083,44.26075,104.6220833,NA,NA,1.5175,NA,343.45,264.2,185.725,171.6,73.725,15.3,27.275,9.725,12.85,8.575,41.2,39.45,208.325,62.7575,34.187,18.66125,9.90925,73.3035,49.9475,23.3565,2.5,17.1,14.6,0.9,1557.1,300.70925,138.51725,203.13675,33.37875,898.2635,487.4145,350.00425,1.6,73.75,72.15
1952,367.325,369.325,359.5896781,2764.8,2786.6,2706.548566,1760.925,62.34520009,43.40988182,59.0964652,5.34208873,2.155033586,1723.020794,43.78405513,9.015108721,44.9781909,18.72855924,0.329,13.654,NA,NA,26.56666667,NA,NA,16.70833333,13.27425,NA,NA,NA,NA,NA,NA,3.025,62.15266667,59.06453352,60.27241667,48.90266667,26.578,44.753,105.2289167,NA,NA,1.7225,NA,364.75,282.475,201.075,185.65,76.425,14.3,28.725,10.825,14,8.575,39.65,37.775,219.35,57.27325,34.901,18.85825,3.51425,89.5835,64.815,24.768,1.175,16.45,15.3,0.575,1606.25,276.14675,138.37725,199.7895,13.4265,1075.47675,625.4465,355.65725,-8,70.525,78.525
1953,389.225,391.125,381.5119764,2894.4,2915.6,2836.908762,1849.725,63.37660029,44.76173412,59.13470887,5.360816261,2.040926128,1801.380657,44.73140587,9.35585507,45.78729631,19.1663566,0.329,13.8335,NA,NA,26.76833333,NA,NA,17.29166667,13.444,NA,NA,NA,NA,NA,NA,2.925,63.056,58.90168068,61.20625,50.30366667,27.23525,45.88025,107.0549167,NA,NA,1.890833333,NA,385.425,299.2,215.225,198.975,78.55,12.15,29.825,12.05,15.65,8.875,40.275,38.5,232.75,60.41475,38.7675,19.699,1.948,96.7645,70.27425,26.4905,-0.725,15.325,16,-1.3,1682.425,291.66325,152.24825,207.20925,8.36875,1148.89675,672.84425,372.98275,-20.075,65.825,85.9
1954,390.525,392.625,395.9798728,2877.725,2900.05,2917.954381,1821.9,64.09360423,45.52593847,59.16873904,5.374365613,-1.382132481,1850.77861,45.09465698,9.687121959,46.2478395,19.53354279,0.329,13.95025,NA,NA,26.865,NA,NA,17.825,13.58125,NA,NA,NA,NA,NA,NA,5.591666667,63.67208333,58.78155939,60.10658333,49.08725,27.76275,44.33075,108.32075,NA,2.401666667,0.938333333,NA,387.65,302.225,214.125,197.275,81.85,11.775,30.5,13.05,17.25,9.275,39.45,37.525,239.625,58.069,38.565,21.44175,-1.93775,92.46725,63.2555,29.21175,0.4,15.825,15.45,0.15,1717.55,280.194,150.046,224.62975,-8.0195,1075.06375,591.55125,405.226,-12.625,69,81.625
1955,425.475,427.925,412.6869005,3083.025,3107.8,2990.497061,1976.325,64.90635193,46.07344591,59.19563369,5.3849255,3.089448619,1896.64957,45.41500438,10.061181,46.61023593,19.87643356,0.329,14.0045,NA,NA,26.79583333,NA,NA,18.25,13.773,NA,NA,NA,NA,NA,NA,4.366666667,64.96433333,59.22686495,62.1305,50.73683333,28.953,46.11125,109.6834167,NA,2.816666667,1.725,1.785,423.325,324.175,230.575,212.175,86.95,10.725,33.525,13.4,18.825,10.475,50.175,47.825,258.3,73.75475,43.3635,25.40375,4.988,92.958,61.0155,31.94275,0.45,17.65,17.2,0.375,1844.25,344.96775,166.259,260.72375,19.908,1040.26475,544.4125,434.2465,-15.125,76.35,91.475
1956,449.35,452.125,437.8009824,3148.775,3175.625,3067.845872,2013.35,65.68861638,46.70225564,59.21266581,5.394709114,2.637485027,1947.309254,45.71838481,10.50563968,46.97941134,20.27192781,0.329,14.28375,NA,NA,27.19083333,NA,NA,18.9,14.2445,NA,NA,NA,NA,NA,NA,4.125,66.53733333,59.96866904,63.79241667,52.46833333,28.78375,47.25075,110.9538333,NA,3.1825,2.6275,2.728333333,451.4,347.925,249.275,229.05,91.825,10.6,35.225,13.675,21.025,11.3,49.625,46.825,271.125,77.68375,49.7475,23.98725,3.949,98.17975,63.11475,35.065,2.35,21.3,18.925,2.65,1898.2,344.02175,177.5085,240.057,14.8725,1042.75725,537.14875,448.24225,-9.95,88.975,98.925
1957,474.05,477.1,466.1198218,3215.075,3243.225,3161.152491,2053.45,66.49180289,47.54095418,59.21803634,5.405755345,1.714912978,2008.93747,46.08735909,10.93299479,47.54948907,20.74584641,0.329,14.71775,NA,NA,28.11333333,28.93333333,NA,19.675,14.7425,NA,NA,NA,NA,NA,NA,4.3,66.94225,59.6287678,64.06483333,52.95708333,29.52375,46.98925,112.2655,NA,3.6475,3.225,3.105,474.4,368,262.575,239.95,97.3,10.525,37.25,14.075,23.7,11.75,49.15,46.025,286.325,76.50475,53.0965,22.631,0.77725,107.16275,68.4535,38.70925,4.075,24.025,19.95,4.725,1945.2,331.14525,180.62225,225.89125,3.6545,1090.78075,558.16825,474.465,-6.375,96.7,103.075
1958,481.225,483.85,493.6869374,3191.2,3215.975,3274.027444,2012.875,67.36370082,48.6011521,59.21158978,5.420648451,-2.539827024,2083.759679,46.57956434,11.28406667,48.43683442,21.29109229,0.329,15.066,NA,NA,28.88083333,29.59166667,NA,20.63333333,15.08575,NA,NA,NA,NA,NA,NA,6.841666667,67.67008333,59.50354743,63.043,51.42483333,30.1965,45.0265,113.7245,NA,3.315833333,1.770833333,1.5725,480.55,378.95,264.675,241.3,102.2,12.4,37.725,14.825,25.65,11.6,43.875,41.35,295.6,70.94875,48.4915,22.8225,-0.3655,114.138,71.521,42.61725,0.55,20.55,20.025,0.8,1962.075,307.15275,163.79725,228.36,-0.928,1127.28275,561.08975,514.32175,-24.35,83.625,107.975
1959,521.65,524.425,520.1416074,3412.425,3438,3402.510282,2180.575,68.33903124,49.78705362,59.19520433,5.441163303,0.29490147,2168.004742,47.17581807,11.65399499,49.45872077,21.87167698,0.329,15.2905,15.652,6.473671896,29.15,30.175,NA,21.49166667,15.28525,NA,NA,NA,NA,NA,NA,5.45,68.35933333,59.27234456,64.6285,53.37216667,31.26825,47.10875,115.3305,NA,4.333333333,3.385833333,3.305,521.45,402.875,285.825,259.85,106.65,10.075,40.3,15.55,28.125,12.6,55.525,52.8,317.1,85.66925,53.124,28.62825,3.917,118.4575,73.57875,44.879,0.375,22.725,22.325,-1.275,2074.025,366.1585,177.01625,285.61025,17.3805,1155.763,572.38,531.738,-27.2,92.25,119.45
1960,542.375,545.525,549.5922338,3500.275,3528,3546.671756,2218.975,69.44148027,51.07282704,59.17274841,5.466525732,-1.2916808,2260.345813,47.87772279,12.07386143,50.46477304,22.46907753,0.329,15.5415,15.9315,6.815990661,29.585,30.64166667,NA,22.25833333,15.49375,NA,NA,NA,NA,NA,NA,5.541666667,69.65866667,59.41216644,65.7845,54.29391667,31.63425,47.384,117.2449167,NA,4.116666667,2.883333333,3.215833333,543.675,422.15,301.275,272.85,111.525,10.625,39.95,16.45,31.15,13.35,54.675,51.525,331.175,86.478,56.38925,26.85575,3.233,120.52,72.87475,47.64525,4.225,27.05,22.85,3.175,2130.925,367.5065,186.776,266.12175,14.7665,1163.092,562.995,554.83375,-12.8,108.25,121.05
1961,562.2,565.725,576.4619171,3590.075,3620.275,3681.266486,2267.25,70.16903287,52.46191991,59.14965501,5.495042692,-2.487593515,2344.80213,48.3296628,12.48811895,51.44600632,23.09091093,0.329,15.7025,16.1285,6.911952773,29.90166667,31,NA,22.90833333,15.65875,NA,NA,NA,NA,NA,NA,6.691666667,70.44991667,59.31690775,65.74425,54.10283333,32.66575,46.8815,118.7701667,NA,3.8825,2.354166667,1.955,563.1,440.575,310.4,280.525,117.725,11.225,41.975,17.2,33.425,13.9,55.925,52.65,341.475,86.5835,56.59875,27.011,2.974,129.23725,77.379,51.858,4.925,27.6,22.7,4.2,2174.65,368.6825,188.233,267.24975,13.24775,1226.091,590.84225,588.85675,-11.375,108.85,120.225
1962,603.925,608.025,606.8289701,3810.1,3843.85,3828.399334,2422.3,71.06400365,53.87063107,59.13228213,5.527718868,-0.474949666,2437.006863,48.89347051,12.9558863,52.43349104,23.7217201,0.329,15.8865,16.34725,7.010170851,30.25333333,31.4,NA,23.525,15.84875,NA,NA,NA,NA,NA,NA,5.566666667,70.61941667,58.77524428,66.70166667,55.65958333,34.15175,47.91375,120.1529167,NA,3.945833333,2.773333333,2.708333333,603.95,468.85,332.2,299.35,125.425,11.25,44.025,18.05,37.05,15.05,64.05,60.275,362.55,96.977,61.233,29.643,6.101,140.28675,85.51825,54.7685,4.1,29.075,24.975,3.8,2282.15,412.505,203.461,292.821,27.3165,1306.50525,644.045,606.09725,-19.525,114.35,133.875
1963,637.45,641.95,640.9817741,3976.15,4012.1,3998.220071,2533.45,72.39249966,55.22787368,59.12725987,5.567224597,-0.556422053,2545.25426,49.75137418,13.47507482,53.43968791,24.34820634,0.329,16.0765,16.5655,7.150113082,30.63333333,31.80833333,NA,24.08333333,16.03025,NA,NA,NA,NA,NA,NA,5.641666667,71.81216667,58.66216308,67.7595,56.76675,35.312,48.463,122.41625,NA,4.0025,3.159166667,3.178333333,638.925,492.775,350.425,314.85,131.85,11,45.425,18.7,40.475,16.25,70.525,66.425,382.025,103.285,64.80925,32.8545,5.621,147.193,87.87525,59.318,4.95,31.075,26.15,4.95,2376.35,440.5065,215.2895,327.11,25.2745,1338.25175,645.681,641.44125,-14.975,122.5,137.475
1964,684.45,689.375,679.2267688,4205.275,4243.95,4173.169598,2702.575,73.63325744,56.67304572,59.14098806,5.614115804,0.770040414,2657.781735,50.54534366,14.06161061,54.46519366,25.02522127,0.329,16.30925,16.81525,7.337007949,31.03833333,32.3,NA,24.59166667,16.2745,NA,NA,NA,NA,NA,NA,5.158333333,73.07725,58.70412666,69.30141667,58.39441667,36.259,50.35075,124.4848333,NA,4.186666667,3.546666667,3.496666667,684.5,528.2,375.975,337.775,141.1,9.775,49.35,18.825,44.95,18.2,77.7,73.25,410.625,112.15175,72.2295,35.1005,4.822,154.76325,90.256,64.507,6.9,35.025,28.1,7.475,2517.775,475.25075,238.388,346.76325,21.5395,1371.12925,643.2695,684.244,-7.875,136.925,144.8
1965,742.3,747.55,722.3774909,4478.55,4519.1,4358.591182,2896.875,74.85640937,58.22412266,59.17934302,5.6655605,2.74025497,2779.81034,51.32514844,14.77523863,55.51037883,25.77660592,0.329,16.54425,17.02675,7.524837973,31.52833333,32.73333333,NA,25.18333333,16.5725,NA,NA,NA,NA,NA,NA,4.508333333,74.424,58.8266884,71.07033333,60.87875,37.4155,52.29725,126.51325,55.79998489,4.2825,3.949166667,4.075,741.575,570.675,405.4,363.75,152.5,12.025,51.625,19.35,49.3,20.2,89.275,84.575,442.95,129.64575,85.23575,35.16275,9.247,164.05325,93.1955,70.85775,5.625,37.175,31.525,6.175,2677.5,541.026,278.218,337.89625,41.058,1415.04825,648.115,729.5615,-19.425,140.775,160.2
1966,813.4,818.475,775.3883054,4773.925,4812.825,4550.635352,3105,75.86837372,59.97884406,59.24755587,5.71655875,4.912328353,2909.340345,51.9609758,15.63695465,56.57562107,26.64765319,0.329,16.9625,17.4085,7.80054314,32.47083333,33.55,NA,26.3,17.0365,NA,NA,NA,NA,NA,NA,3.791666667,75.74458333,59.14809814,72.878,64.025,38.76675,54.10725,128.0576667,56.74649971,4.923333333,4.8625,5.111666667,808.325,620.325,449.25,400.325,162.825,13.025,54.925,19.9,54.3,20.675,96.125,91.6,479.925,144.1875,97.17325,33.3785,13.636,185.4445,106.57525,78.8695,3.875,40.95,37.05,3.8,2829.3,589.61275,312.3865,309.54275,58.829,1538.29,716.97275,774.8475,-33.475,150.525,184
1967,859.95,865.35,833.9353043,4904.875,4944.925,4756.244071,3163.2,77.0638809,61.71577559,59.35015367,5.7639075,3.132538598,3049.646225,52.72521366,16.50598277,57.66130527,27.52757782,0.329,17.3885,17.94075,8.211167859,33.375,34.70833333,NA,28.15,17.531,NA,NA,NA,NA,NA,NA,3.841666667,77.34766667,59.55504519,74.37583333,65.93541667,39.488,54.113,129.8734167,57.70434778,5.073333333,4.306666667,4.22,856.6,665.725,481.775,429,170.8,11.625,57.85,20.35,59.45,21.525,93.875,89.075,506.675,142.6985,99.20625,33.627,9.865,207.01775,120.00575,87.01225,3.55,43.45,39.9,3.5,2913.9,568.98475,311.309,301.46525,42.28375,1660.3965,789.717,813.5585,-43.45,153.95,197.4
1968,940.625,946.725,909.6006586,5145.925,5188.8,4976.053634,3331.675,78.58545477,63.31789701,59.49084446,5.809506255,3.416438095,3199.096528,53.71000886,17.34276232,58.76782371,28.34715776,0.329,18.06875,18.71425,8.641167549,34.79166667,36.325,NA,29.86666667,18.2775,NA,NA,NA,NA,NA,NA,3.558333333,78.71041667,59.61661826,75.913,68.02666667,40.86525,55.07375,132.0273333,59.13568767,5.645833333,5.338333333,5.659166667,937.525,730.925,530.75,471.95,182.75,11.65,62.175,20.1,65.275,23.55,101.725,96.1,556.85,156.9185,107.668,40.19925,9.052,225.52575,127.96225,97.56325,1.35,47.925,46.55,1.525,3081.8,602.99475,326.24425,342.2765,38.41775,1716.83575,801.69075,862.26975,-60.725,166.1,226.825
1969,1017.6,1023.75,994.9369737,5306.6,5348.575,5187.782907,3433.775,80.17191635,64.7064348,59.66343907,5.85771566,2.299270332,3346.360512,54.6007779,18.24487925,59.79763681,29.1686265,0.329,18.88275,19.58675,9.174545162,36.68333333,38.41666667,NA,31.91666667,19.175,NA,NA,NA,NA,NA,NA,3.491666667,80.70508333,60.07686839,77.87491667,70.51483333,40.93625,56.666,134.3345,60.39555805,6.670833333,6.666666667,8.204166667,1016.025,800.35,584.45,518.35,197.65,12.825,64.175,20.325,76.075,24.25,98.4,91.825,603.625,173.5615,120.01325,44.37525,9.173,238.98425,131.19325,107.79075,1.4,51.925,50.5,1.6,3196.725,636.5795,348.92975,353.02025,37.781,1718.43625,781.611,892.2275,-65.575,174.2,239.775
1970,1073.325,1079.7,1084.207331,5316.425,5358.05,5369.775532,3429.325,82.04276451,65.45014857,59.87500387,5.911387842,-0.986737776,3477.226913,55.36156443,19.11658222,60.58962845,29.89301573,0.329,19.7655,20.50425,9.795226011,38.84166667,40.81666667,NA,33.95833333,20.18625,NA,NA,NA,NA,NA,99.13285586,4.983333333,82.79608333,60.39755638,78.66875,71.00741667,41.52125,55.7985,137.0856667,61.73539112,7.348333333,6.391666667,7.183333333,1068,865.025,623.35,551.575,213.4,12.9,64.875,20.675,90.65,24.3,86.275,79.15,646.75,170.0565,124.64475,43.4105,2.00075,252.581,132.80475,119.77625,3.95,59.7,55.75,3.7,3271.975,597.8755,345.83,334.58975,6.97425,1682.11975,733.40625,917.37425,-57.2,192.775,249.975
1971,1164.875,1172.425,1176.53803,5491.45,5537.2,5546.227143,3557.475,84.51292236,65.62569909,60.13496606,5.970870153,-0.984613672,3606.529263,56.34661829,19.91412742,61.25855651,30.46244368,0.329,20.60525,21.4685,10.24546335,40.48333333,42.73333333,NA,36.13333333,21.21075,NA,NA,NA,NA,NA,96.65738513,5.95,84.37616667,60.17528774,79.3545,71.33075,43.14225,55.70425,140.2163333,63.30563708,6.159166667,4.3325,4.6625,1155.325,932.8,665,584.525,230.85,13.4,70.5,21.825,100.1,25.025,100.625,92.8,699.925,196.82325,130.41575,58.1525,8.2555,267.46825,134.47875,132.99,0.625,62.95,62.35,0.325,3396.9,659.488,345.657,423.688,31.159,1650.501,686.50825,946.144,-67.2,196.1,263.3
1972,1279.125,1287.675,1267.828103,5780.05,5829.05,5729.521859,3796.875,87.12678367,65.76015662,60.43241992,6.033413389,0.874343462,3742.614949,57.398279,20.79833583,61.9199193,31.03283575,0.329,21.308,22.16,10.62193588,41.80833333,44.04166667,NA,37.325,22.128,NA,NA,NA,NA,NA,91.74490533,5.6,87.011,60.37150584,82.13516667,73.78758333,44.63725,57.455,144.1254167,65.28546479,6.21,4.0725,4.434166667,1271.95,1024.45,731.35,638.8,254.45,17.025,78.1,22.75,109.75,26.825,117.2,107.675,768.15,228.14275,146.63575,72.39925,9.10775,286.18925,141.64525,144.5435,-3.375,70.85,74.225,-4.05,3604.95,733.77575,375.7805,497.21525,32.0065,1641.803,664.5485,966.98625,-81.575,211.375,292.95
1973,1425.375,1438,1380.3442,6106.35,6170.55,5912.835097,4072.05,89.37104395,66.15953714,60.76231225,6.093074395,3.27752756,3881.771863,58.29684278,21.81064782,62.58313322,31.69039071,0.329,22.4555,23.00375,11.05827419,44.425,45.575,NA,38.75833333,23.34,NA,NA,NA,NA,NA,85.73692554,4.858333333,89.41066667,60.7821658,85.05133333,76.90166667,46.01375,59.786,147.0970833,67.30505753,6.8425,7.031666667,8.7275,1419.225,1140.8,812.675,708.775,291.075,29.1,83.45,23.1,125.525,29.9,133.375,118.475,849.575,266.9255,172.7265,78.32175,15.8775,304.7655,146.18525,158.58025,4.125,95.275,91.175,8.875,3783.35,814.0655,425.48975,494.025,48.64225,1636.532,641.1585,994.26425,-55.4,251.15,306.55
1974,1545.25,1560.775,1557.05826,6073.4,6145.5,6117.146299,4011.2,91.74501004,66.67447826,61.11788636,6.144066386,-0.701951611,4038.004104,59.50668263,22.80170692,63.23962064,32.29562262,0.329,24.79325,24.825,12.0118163,49.31666667,49.35833333,NA,42.36666667,25.43375,NA,12.44333333,NA,NA,NA,85.92162259,5.641666667,91.97591667,61.26783522,86.80258333,78.38308333,45.2425,59.89275,150.1210833,69.13597238,7.5575,7.83,10.5025,1537.8,1251.825,887.7,772.275,315.95,23.475,88.725,23.175,147.4,33.175,125.7,108.25,930.175,274.526,191.069,69.467,13.98975,341.37025,158.8345,182.53575,-0.825,126.65,127.475,5.975,3751.675,760.15225,428.9695,397.1455,36.2825,1672.51175,645.2065,1030.2845,-28.45,271.125,299.575
1975,1684.9,1697.9,1755.940071,6060.85,6118.225,6317.078576,3945.425,94.17692074,67.07610084,61.49146576,6.184254863,-4.060955971,4190.714441,60.87284469,23.54465039,63.89578052,32.76500262,0.329,26.86,26.89875,13.30384199,53.825,53.90833333,NA,47.49166667,27.79625,NA,13.88416667,NA,NA,36.98297575,87.10220805,8.475,93.76983333,61.22661792,85.83025,77.07141667,46.45125,57.37525,153.1525833,70.64122826,7.9875,5.775,5.824166667,1671.55,1369.4,947.25,814.85,341.45,21.975,96.225,22.3,168.05,32.9,138.875,124.225,1030.55,257.25375,196.77575,66.73325,-6.2555,381.12775,173.72925,207.3985,15.975,138.7,122.725,19.85,3836.75,637.0125,390.35,349.21825,-15.947,1709.3175,648.61525,1067.909,3.05,269.35,266.3
1976,1873.425,1890.275,1909.783301,6387.425,6454.925,6511.279205,4227.775,96.61803303,67.39123643,61.87545505,6.21413225,-1.90123432,4337.901535,62.25782328,24.21965702,64.55794733,33.16131557,0.329,28.33325,28.534,14.52297088,56.93333333,57.44166667,NA,52,29.32675,NA,13.47166667,NA,NA,39.50866027,89.61048088,7.7,96.15066667,61.57516254,88.7525,79.50741667,48.06875,59.414,156.1493333,72.26317825,7.611666667,4.974166667,5.045,1852.75,1502.65,1048.35,899.75,371.3,17.2,113.775,20.3,181.05,38.975,174.325,157.8,1147.65,323.2245,219.34575,86.7625,17.1165,404.15275,184.80025,219.35275,-1.625,149.525,151.125,7.1,4050.6,758.58175,412.41075,426.42,42.7215,1718.222,649.53325,1076.89175,-37.25,281.125,318.375
1977,2081.825,2102.125,2092.788519,6682.825,6758.05,6718.552396,4470.25,98.99900394,67.86379529,62.26329974,6.233253391,-0.536537029,4495.018367,63.60212685,25.0854632,65.22697634,33.63596878,0.329,30.1765,30.36925,15.69536102,60.61666667,61.03333333,NA,56.975,31.1485,NA,14.52583333,NA,NA,44.22483793,91.29114534,7.05,98.98416667,62.23982672,92.01725,82.59975,48.8985,61.75475,159.03325,73.76724784,7.419166667,5.269166667,5.5375,2062.375,1659.225,1165.825,994.15,411.95,15.975,128.525,15.85,206.875,44.725,205.775,186.675,1273.975,396.61225,259.0595,115.22875,22.324,434.33175,200.3395,233.992,-23.1,159.35,182.425,-10.9,4221.775,866.80375,456.811,513.84825,53.77225,1738.92375,663.371,1081.4735,-65.275,287.9,353.175
1978,2351.6,2373.175,2316.48437,7052.725,7127.8,6949.104484,4770.25,101.4430401,68.50115998,62.6501074,6.239261738,1.479486396,4670.322081,64.98774359,26.18714859,65.90293864,34.20247807,0.329,32.27575,32.382,16.9890659,65.24166667,65.475,NA,61.75,33.33925,NA,14.56166667,NA,NA,50.43797688,85.58650237,6.066666667,102.23325,63.14046028,96.04616667,86.82908333,49.58575,64.9755,161.91075,75.65005972,8.41,7.188333333,7.930833333,2328.3,1863.725,1316.775,1120.55,468.3,19.925,146.05,16.525,235.075,50.725,238.55,215.7,1422.275,478.3765,314.57575,138.00975,25.79075,476.33675,218.9225,257.414,-25.375,186.875,212.25,-12.65,4406.55,967.07075,519.9325,548.12,56.8195,1788.78925,679.07,1117.13725,-65.475,318.3,383.775
1979,2627.325,2659.275,2597.665708,7276,7375.025,7193.080063,4932.3,103.942169,69.20168002,63.03269254,6.230052504,1.156923868,4854.95288,66.44015312,27.47142941,66.45675279,34.77764258,0.329,35.14325,34.74275,18.57768646,72.58333333,71.85833333,NA,67.475,36.104,NA,21.5425,NA,NA,56.880859,84.11116043,5.85,104.9605833,63.66451267,98.82525,89.9355,49.5195,67.28575,164.8645,77.14990322,9.4425,10.06916667,11.19416667,2582.3,2082.725,1477.2,1253.325,522.675,22.175,157.275,16.1,269.475,57.65,249.2,214.625,1585.4,539.6495,373.8245,147.84125,17.98425,524.80175,240.574,284.2275,-22.55,230.15,252.675,-1.175,4511.275,1000.96625,571.88375,527.579,34.9205,1820.97925,694.0445,1133.39725,-40.375,349.8,390.175
1980,2857.325,2891.5,2907.883587,7257.325,7355.375,7384.428093,4890.65,106.3645245,69.42575643,63.40897909,6.205695087,-1.717112823,4987.927963,67.92337688,28.73520603,66.2630863,34.95080913,0.329,38.92775,37.936,20.74663376,82.38333333,80.78333333,NA,74.85833333,39.37475,38.275,33.97333333,NA,NA,61.67675425,84.18275863,7.175,106.974,63.77191155,99.30333333,90.53158333,49.49125,66.75225,167.7455833,78.76237107,11.46,11.43416667,13.35583333,2813.075,2324.45,1622.25,1373.425,588.3,11.7,159.875,19,333.525,64.2,223.15,187.675,1750.675,530.09975,406.911,129.52,-6.331,589.5975,274.86975,314.728,-13.05,280.775,293.825,8.5,4497.175,900.24975,572.0035,417.19875,-11.69725,1853.938,723.091,1131.2505,23.325,387.5,364.175
1981,3207.025,3239.95,3249.103157,7441.475,7528.7,7537.825874,5001.975,108.1491036,69.69772588,63.77690172,6.173009141,-1.272103223,5089.784869,69.06739215,29.98077496,65.92410798,35.07330805,0.329,42.41525,41.25975,23.23722537,90.93333333,89.25,NA,82.925,43.092,41.75,37.0725,NA,NA,63.21423511,91.90627873,7.616666667,108.6759167,63.87862475,100.3995833,91.29216667,50.21175,67.29475,170.1298333,80.04077244,13.91083333,14.025,16.37833333,3169.325,2603.2,1792.55,1511.4,687.375,19.025,160.65,23.775,414.2,69.725,245.875,216.2,1933.925,631.229,472.93825,128.482,29.80875,654.381,313.97975,340.40125,-12.55,305.25,317.75,3.4,4559.55,979.4895,607.08975,382.8785,48.588,1871.86475,755.4385,1107.69125,18.5,392.2,373.7
1982,3343.8,3380.3,3550.998638,7307.3,7397.85,7759.156562,4848.925,110.2484175,70.37762088,64.13313717,6.136302461,-5.816601529,5249.360262,70.43404908,31.11095792,66.24670649,35.47070539,0.329,44.77125,43.94175,25.81134587,96.53333333,95.85,NA,92.61666667,45.75625,44.7,33.59333333,NA,NA,63.9834578,106.6826816,9.708333333,110.2440833,63.9941008,99.52916667,89.68458333,49.799,65.7785,172.2711667,80.95791014,13.00166667,10.61416667,12.25833333,3335.125,2789.45,1893,1587.5,749.925,13.325,157.875,23.825,481.75,73.15,227.725,195.15,2071.275,581.03375,485.099,110.84775,-14.9135,711.473,348.336,363.137,-19.975,283.2,303.2,-3.3,4626.3,856.458,589.21375,313.5185,-24.619,1905.5055,782.6745,1109.0765,-6.825,362.15,368.975
1983,3634.025,3671.125,3805.765456,7642.275,7730.8,8004.559703,5150.125,112.245237,71.31171837,64.47205731,6.099125436,-4.53824435,5429.403728,71.73725758,32.18539194,66.94552203,36.02075154,0.329,46.6755,46.191,28.13655767,99.58333333,99.6,NA,100.6583333,47.54475,47,29.34666667,NA,NA,68.54691056,118.2272494,9.6,111.5154167,64.0095684,100.8216667,90.28866667,51.8335,67.10775,174.2155,81.76737786,11.105,8.610833333,9.086666667,3577.175,2981.7,2012.475,1677.5,810.925,6.2,180.075,24.425,518.25,81.975,277.9,242.85,2281.6,637.517,482.15475,161.11275,-5.751,766.557,382.3575,384.19975,-51.625,277,328.65,-35.05,4888.225,936.3915,586.613,445.14425,-9.75775,1976.61825,831.63625,1123.75925,-62.725,352.775,415.5
1984,4037.65,4073.9,4079.202667,8195.3,8280.2,8279.86492,5585.325,114.1554054,72.5297574,64.78518226,6.062177705,-1.024139531,5629.802735,72.98566634,33.66235672,67.67913488,36.71122349,0.329,48.43875,48.10625,30.21622401,103.9333333,104.7,NA,106.975,49.26175,49.075,28.86583333,NA,NA,70.64368902,129.201221,7.508333333,113.5318333,64.36621966,105.00275,94.54258333,52.998,71.1895,176.3829167,83.49437951,12.43833333,9.5225,10.225,3996.175,3288.675,2215.875,1844.925,929.625,20.925,207.3,24.65,590.925,85.825,337.25,300.7,2492.35,820.08975,564.321,190.364,65.405,827.9105,411.8045,416.106,-102.725,302.375,405.125,-90.05,5145.375,1191.9435,684.415,510.8375,97.11575,2046.0205,857.8815,1167.20175,-135.125,381.525,516.65
1985,4339,4364.375,4359.605666,8537,8598.5,8577.683209,5831.75,115.9826937,73.95484519,65.06117504,6.020831183,-0.476672546,5847.792437,74.18526805,35.34019546,68.42078693,37.51613134,0.329,50.1285,50.06025,32.06024346,107.6,109.2833333,NA,113.6166667,50.8205,51.225,26.99833333,NA,NA,73.94401392,139.2894158,7.191666667,115.4674167,64.79428004,107.154,97.52866667,53.91875,73.06175,178.2056667,84.99912813,10.62333333,7.479166667,8.100833333,4284.875,3522.9,2387.3,1982.525,991.575,20.975,220.075,26.225,630.5,93.8,353.1,314.95,2712.825,829.65175,607.751,200.0765,21.8245,910.5165,452.909,457.6075,-114,303.2,417.25,-114.325,5411.775,1191.18475,729.554,522.54275,31.26075,2182.56075,923.88375,1233.37725,-155.875,394.3,550.175
1986,4579.625,4596.575,4600.104596,8832.6,8876.45,8872.029402,6051.85,117.7267476,75.35964862,65.28858325,5.962644977,-0.442984827,6060.615743,75.34588476,36.85357487,69.17056626,38.28271536,0.329,51.219,51.7875,33.95899032,109.6916667,113.7083333,NA,122.1666667,51.85025,52.975,14.3225,15.03666667,NA,79.5415594,130.5274167,7,117.8455833,65.25661612,109.6005833,99.4975,55.52225,73.6315,180.58675,86.21969709,7.6825,5.978333333,6.805,4499.775,3731.175,2542.05,2102.325,1041.025,22.775,233.7,18.275,663.15,103.125,323.55,284.1,2886.275,849.14725,607.7645,234.812,6.5705,976.076,481.65775,494.418,-131.875,321,452.85,-142.675,5635.175,1193.0675,716.98,587.356,10.22625,2301.06375,977.89375,1295.28025,-172.575,424.55,597.125
1987,4855.25,4872.7,4867.85329,9137.75,9179.625,9161.806813,6271.275,119.4684344,76.68660775,65.50428829,5.899577922,-0.266403056,6267.054679,76.51006811,38.22326126,69.92856195,38.98442057,0.329,52.80175,53.46,36.10619359,113.6166667,118.175,NA,130.175,53.12625,54.625,18.04666667,19.17166667,NA,85.64948941,126.0517562,6.175,119.8528333,65.58163836,112.4393333,102.1144167,55.82125,75.889,182.75275,87.54374076,8.384166667,5.775,6.6575,4811.625,3946.8,2722.425,2256.275,1079.425,28.875,257.6,16.6,674.35,102,370.8,322.8,3076.275,892.17725,615.2385,249.78975,27.149,1031.52975,502.78475,528.74475,-144.775,363.975,508.7,-154.1,5826.075,1226.97175,717.619,598.91425,41.113,2367.85025,1013.74525,1323.39975,-161.625,470.95,632.575
1988,5236.425,5259.125,5199.828273,9519.425,9569.575,9453.181801,6556.625,121.2442747,77.96660001,65.72900264,5.839097431,0.698350634,6476.349228,77.69523326,39.59788744,70.69486401,39.67182108,0.329,54.8655,55.732,38.81335981,118.275,123.425,NA,138.625,55.0025,56.65,14.62083333,15.9825,NA,90.60961527,123.393476,5.491666667,121.6706667,65.90559035,114.9740833,105.3753333,56.74325,78.05575,184.6125833,88.92452203,8.845833333,6.6675,7.568333333,5233.6,4280.025,2947.975,2439.8,1196.075,26.8,298.75,22.5,720.05,127.975,416.225,359.275,3330,936.96275,662.28,256.20025,18.48225,1078.855,511.4395,567.41575,-109.4,444.6,553.975,-115.75,6069.425,1257.243,753.5105,593.62075,26.9765,2397.24475,998.61275,1374.253,-110.15,547.3,657.45
1989,5641.6,5666.35,5573.040122,9869,9920.55,9748.897235,6796.9,123.026163,79.24104409,65.95199009,5.779858128,1.233671431,6691.520396,78.88642845,41.00844552,71.46859176,40.37095043,0.329,57.2615,58.0455,42.09190635,123.9416667,128.9666667,NA,149.25,57.159,59.05,18.06916667,19.64083333,NA,95.92970979,126.5022576,5.258333333,123.8506667,66.44592888,117.327,108.0468333,57.24575,80.20625,186.3926667,90.41658696,8.498333333,8.111666667,9.216666667,5573.75,4621,3139.6,2583.075,1322.375,33.025,308.1,21.525,802.25,157.475,418.725,351.6,3576.775,999.70075,715.9935,256.0145,27.69325,1151.862,534.10425,617.75825,-86.775,504.3,591.05,-92.375,6246.4,1308.10025,796.108,574.40925,37.673,2465.29875,1014.527,1428.54725,-75.8,610.625,686.425
1990,5963.125,5997.85,5954.285266,10055.15,10120.125,10039.32767,6899.1,124.7694281,80.46181408,66.15924856,5.71867566,0.164886655,6905.343431,80.10649789,42.30085522,72.21818069,41.02656996,0.329,59.77525,60.3975,45.59003239,130.6583333,135.4583333,NA,162.8083333,59.30675,61.525,22.20166667,24.4675,NA,98.77750634,123.5845935,5.616666667,125.8566667,66.53348556,118.7956667,109.5278333,58.213,80.06075,189.16375,91.12283795,8.55,7.493333333,8.099166667,5867.775,4913.3,3340.375,2741.175,1386.175,32.175,321,28.175,835.125,169.7,419.325,343.25,3808.975,993.449,739.23375,239.66875,14.54625,1238.5555,562.3765,676.179,-77.85,551.85,629.75,-74.9,6372.175,1274.34525,804.6835,525.625,20.322,2544.189,1036.21775,1487.24325,-46.425,664.525,710.95
1991,6158.125,6189.7,6319.36182,10044.225,10100.375,10307.13572,6856.175,126.4416399,81.51594977,66.34418216,5.652724177,-2.550118823,7105.544242,81.36773364,43.32390353,72.92493707,41.56179322,0.329,61.774,62.5545,49.06170449,136.1666667,142.1166667,NA,177.0166667,61.30275,63.825,18.73916667,21.5025,NA,100.315,124.5749783,6.85,126.3524167,66.179346,117.7125833,108.434,59.16575,78.284,190.9248333,92.11339186,7.858333333,5.375,5.6875,6065.425,5089.9,3450.5,2814.475,1401.475,26.8,327.375,38.575,827.675,181.05,448.725,372.25,3943.45,944.3435,723.58425,221.15375,-0.39425,1298.95075,582.93625,716.0145,-28.625,594.925,623.55,7.9,6383.675,1190.02525,773.00975,478.787,-2.22425,2574.73775,1036.82225,1519.236,-1.4,708.475,709.875
1992,6520.325,6551.4,6625.516381,10398.025,10452.625,10566.08366,7134.45,128.0497507,82.51444793,66.50738617,5.580794302,-1.593644719,7301.75499,82.63123799,44.34397411,73.61890257,42.05638439,0.329,63.42025,64.45575,52.40818557,140.3083333,147.3166667,NA,190.0583333,62.70075,65.675,18.115,20.56333333,NA,102.7925,129.2947919,7.491666667,128.0990833,66.43963203,118.4879167,108.7925833,61.808,77.9735,192.8053333,93.20984845,7.01,3.431666667,3.521666667,6404.8,5417.5,3668.25,2965.575,1456.15,34.775,365.375,60.575,806.15,189.275,481.275,408.175,4197.575,1013.00625,741.937,254.74125,16.32775,1344.5,588.45325,756.047,-34.725,633.075,667.8,-45.575,6618.6,1276.73675,795.2165,544.79025,22.03825,2586.6665,1020.5565,1551.30875,-2.1,757.525,759.625
1993,6858.55,6889.75,6958.614243,10684.175,10738.25,10840.14093,7354.4,129.6065555,83.63771662,66.64699972,5.504266726,-1.439710767,7511.989238,83.87572772,45.62181041,74.31837578,42.62523449,0.329,65.00025,66.2065,55.05259323,144.475,152.2,NA,201.4,64.18875,67.575,16.17,18.45083333,NA,105.2575,142.1473033,6.908333333,129.1853333,66.30399386,120.2586667,110.9348333,61.8775,80.2895,194.8375833,94.49975503,5.873333333,2.9975,3.0225,6703.125,5652.85,3817.3,3079.35,1520,31.35,396.625,90.075,796.825,205.125,530.7,453.8,4452,1106.8255,799.204,286.8085,20.8135,1364.92225,580.169,784.75325,-65.175,654.8,719.975,-79.375,6849.175,1378.8185,854.75875,589.37025,27.27875,2565.48575,984.71125,1571.08,-43.025,782.3,825.325
1994,7287.25,7310.225,7299.513137,11114.65,11155.75,11133.57277,7693.225,131.1300317,84.90362859,66.76119338,5.424680694,-0.172488512,7739.153063,85.10954942,47.16270009,75.02449488,43.2775458,0.329,66.3565,67.688,57.16255142,148.225,156.5,NA,211.025,65.55675,69.5,15.41083333,17.19166667,1.889166667,108.7425,154.1170693,6.1,131.0466667,66.58367295,123.0711667,114.3858333,62.307,83.40925,196.8145,95.44469071,7.08,4.246666667,4.201666667,7147.975,5940.9,4006.2,3236.575,1613.975,34.675,421.975,113.675,806.325,237.325,634.1,556.1,4720.975,1256.4845,868.85275,323.84725,63.7845,1402.27425,574.68375,827.59075,-92.5,720.925,813.45,-115.6,7114.55,1541.89425,921.9715,642.24825,85.414,2567.65625,949.27475,1615.231,-72.375,851.425,923.8
1995,7639.75,7667.7,7662.140756,11413.025,11459.85,11446.42343,7957.55,132.6422585,86.29415506,66.84430813,5.346984143,-0.291127812,7985.220319,86.34262759,49.0067732,75.737323,44.01577429,0.329,67.75375,69.16275,59.06648585,152.3833333,161.225,NA,220.45,66.9325,71.55,17.14666667,18.43916667,1.725,111.5275,158.7417938,5.591666667,132.3151667,66.62950724,124.90825,117.41025,62.982,85.3495,198.5840833,96.69815547,6.58,5.49,5.836666667,7547.6,6283.35,4198.075,3418.025,1734.675,22.05,459.175,124.9,869.35,259.2,716.65,623.725,4962.6,1317.48925,962.247,324.069,31.17375,1449.4305,576.682,872.7485,-89.75,812.825,902.55,-105.875,7324.45,1591.364,1011.01175,620.502,39.1565,2580.767,923.97925,1659.1685,-58.775,938.925,997.7
1996,8073.125,8103.975,8039.077231,11843.6,11893.725,11793.85992,8315.025,134.1876132,87.88913995,66.89529016,5.275340684,0.418234238,8262.67563,87.60009714,51.18405981,76.54316344,44.8910824,0.329,69.2025,70.474,60.44324969,156.8583333,165.5583333,NA,228.2666667,68.15625,73.925,20.59916667,22.11333333,2.753333333,114.7675,166.4963786,5.408333333,133.95125,66.77786961,126.7201667,119.8194167,64.29625,87.3575,200.5905833,97.66433312,6.438333333,5.005833333,5.298333333,8016.1,6666.175,4416.925,3616.475,1875.125,37.325,506.45,142.525,886.4,302.425,803.575,701.575,5244.6,1432.05475,1043.19425,358.06125,30.79925,1492.848,579.15975,913.6885,-96.375,867.575,963.975,-115,7578.625,1730.475,1102.753,671.18425,38.3335,2604.70475,912.71425,1698.02325,-68.8,1015.675,1084.475
1997,8577.55,8600.85,8477.214273,12370.3,12408.95,12225.72819,8744.35,135.8071753,90.0204016,66.91507305,5.212813274,1.179200909,8617.211932,88.90607838,53.80595917,77.79269031,46.12909724,0.329,70.407,71.7175,61.61936051,160.525,169.5083333,NA,234.5916667,69.3375,76.525,18.55416667,20.61,2.485833333,118,176.8854023,4.941666667,136.301,67.09915168,129.5723333,122.93025,65.5405,90.12375,203.13325,98.83927841,6.3525,5.060833333,5.46,8567.3,7073.975,4708.825,3876.85,1997.55,32.375,551.575,147.075,928.75,337.775,889.875,782.3,5536.8,1595.6005,1149.08825,375.5855,70.9265,1547.133,583.28925,963.84425,-101.95,953.825,1055.775,-130.125,7864.025,1927.83125,1221.5245,687.45525,92.10075,2647.4145,905.216,1752.265,-93.875,1136.625,1230.5
1998,9062.825,9080.225,8928.598669,12924.875,12954.45,12733.558,9234.35,137.5155301,92.59453064,66.90295954,5.160754439,1.499713039,9042.241433,90.2690604,56.86383097,79.3728162,47.67322859,0.329,70.96725,72.6295,62.82405687,163.0083333,173.3833333,NA,242.125,70.1015,79.625,12.0975,14.44666667,2.09,123.68,190.2129941,4.5,137.6798333,67.08877501,131.4759167,126.1364167,67.734,92.09075,205.2200833,100.1226581,5.264166667,4.776666667,5.353333333,9119.225,7588.35,5071.15,4181.625,2157.9,28.575,611.7,165.2,994,358.425,835.175,732.425,5877.225,1736.671,1254.14425,418.80725,63.71925,1611.6085,585.5155,1026.09325,-162.7,952.975,1115.675,-205.35,8281.65,2111.478,1354.46675,746.86475,89.7435,2711.63825,897.20175,1829.7725,-211.15,1163.2,1374.35
1999,9631.175,9662.05,9449.264964,13543.775,13583.6,13288.10988,9771.425,139.3169079,95.37751855,66.86128787,5.11882969,1.921404786,9508.902349,91.69196462,60.27285024,81.04449238,49.35551979,0.329,72.0015,73.58325,64.34993255,166.5833333,176.975,NA,250.5583333,71.08425,82.3,17.27083333,19.26083333,2.269166667,131.19,191.1531219,4.216666667,139.3799167,67.08933181,133.5009167,129.229,70.38575,93.776,207.7529167,101.4689134,5.636666667,4.638333333,4.97,9660.5,7978.6,5402.7,4457.925,2211.025,28.05,668.3,178.5,987.7,348.475,866.75,745.05,6283.725,1887.059,1364.477,461.766,60.8155,1719.905,610.72225,1109.18275,-259.55,992.925,1252.45,-276.625,8727.275,2290.672,1488.5395,793.74325,84.0445,2800.165,913.2745,1904.7815,-312.575,1221.125,1533.7
2000,10250.95,10289.425,10077.93799,14096.025,14144.975,13857.8966,10198.775,141.1820309,98.15357285,66.79592516,5.085595427,1.721101502,9989.285506,93.02640176,63.80196852,82.72130741,51.10579482,0.329,73.82225,74.8975,66.22907542,172.1916667,181.2916667,NA,260.75,72.70875,85.65,27.6825,30.30083333,4.31,139.94,196.5691895,3.966666667,142.58575,67.07548108,136.9006667,132.0184167,72.49225,95.03875,212.57675,102.6548919,6.029166667,5.816666667,6.235833333,10346.75,8621.3,5847.125,4824.975,2392.7,31.2,722.35,183.475,1069.3,386.375,826.4,680.75,6767.175,2038.408,1498.43175,485.432,54.5445,1826.4375,633.069,1193.3685,-381.075,1096.125,1477.2,-396.875,9166.9,2444.90825,1627.52225,798.95525,75.02525,2851.16525,915.9615,1955.379,-410.45,1322.625,1733.075
2001,10581.925,10632.275,10670.89736,14230.725,14294.65,14349.88119,10266.575,143.0463777,100.3145044,66.71136038,5.059349883,-0.824189941,10394.15017,93.75132098,66.6722994,84.28121037,52.76700595,0.329,75.302,76.3175,68.55803366,177.0416667,186.125,104.2902352,272.7666667,74.38475,88.8,21.9875,25.9475,3.959166667,149.585,206.5735409,4.741666667,143.7689167,66.84105518,136.9393333,132.0780833,74.366,93.27475,215.0925,103.9446754,5.0175,3.388333333,3.8875,10698.65,8993.15,6038.35,4953.65,2495.4,32.15,798.9,202.4,1087.55,374.4,787.175,618.375,7073.8,1934.8415,1460.06725,513.0585,-38.284,1950.0335,670.21175,1279.822,-376.75,1026.8,1403.55,-391.425,9393.9,2307.396,1592.269,806.164,-49.138,2958.6615,952.06325,2027.34575,-441.575,1248.825,1690.4
2002,10929.1,10974.9,11137.33983,14472.7,14529.575,14748.23702,10439.85,144.8396493,101.8233354,66.61035479,5.038885348,-1.866399602,10706.29315,94.00940197,68.57105872,85.76296295,54.20281297,0.329,76.291,77.59325,70.46780416,179.8666667,190.4416667,105.6052083,285.6333333,75.49975,91.65,23.63333333,26.115,3.3575,160.0775,206.5049683,5.783333333,144.8560833,66.57945567,136.4809167,130.6343333,77.541,90.9515,217.5695833,105.3181612,4.610833333,1.6025,1.666666667,11010.775,9150.05,6135.1,4995.85,2481.225,20.3,849.85,208.45,1001.15,401.475,930.375,773.6,7348.95,1930.41725,1352.84825,557.5945,19.97475,2089.495,743.09675,1346.398,-439.75,998,1437.7,-455.425,9632.75,2287.68475,1483.08425,854.96975,23.14425,3090.5145,1022.5695,2086.22775,-528,1224.425,1752.425
2003,11456.45,11514.95,11639.27277,14877.325,14949.3,15115.39323,10763.475,146.5247222,103.1581436,66.49244803,5.02382303,-1.579966546,10984.89418,94.13449058,70.15564645,87.25010131,55.5394486,0.329,77.894,78.84525,72.97638446,184,193.225,107.7559355,297.0583333,77.0115,94.25,27.845,31.12083333,5.498333333,172.31,192.2991578,5.991666667,146.4995,66.23952459,137.72925,130.3269167,80.399,90.4355,221.1679167,106.110569,4.015,1.010833333,1.1275,11480.65,9481.775,6353.6,5138.275,2560.175,37.1,860.375,227.1,1004.375,431.225,1077.05,918.15,7740.775,2027.0555,1375.8795,637.082,14.094,2210.59975,826.769,1383.83025,-521.975,1035.175,1557.125,-527.65,9937.55,2386.38075,1520.0335,932.65675,20.12875,3153.886,1090.0125,2076.38725,-592,1250.2,1842.2
2004,12217.175,12293.925,12253.14397,15449.775,15542.725,15495.65578,11228.25,148.1044119,104.6253003,66.36242343,5.014387169,-0.298307599,11271.58923,94.21118553,71.95712884,88.76302681,56.94263171,0.329,79.8275,80.3965,75.54120579,188.9083333,196.6416667,110.4549364,310.1416667,79.06875,96.75,35.79333333,41.44333333,5.905833333,188.56,181.8474335,5.541666667,147.3795833,65.98401704,139.23975,131.7553333,82.79175,91.613,223.3568333,107.6033607,4.274166667,1.371666667,1.349166667,12245.3,10015.875,6719.5,5421.025,2704.375,52.425,910.5,242.775,939.325,559.35,1320.525,1125.425,8231.95,2281.25325,1467.36875,749.81675,64.06725,2338.1235,892.123,1446.0005,-634.15,1176.375,1810.5,-637.75,10312.2,2606.9735,1605.27525,1025.70725,79.03825,3202.196,1137.062,2073.8405,-673.775,1370.775,2044.55
2005,13039.2,13114.025,12949.86538,15987.95,16075.075,15878.50015,11667.5,149.5794099,106.1532539,66.22316762,5.010706743,0.688929074,11558.80685,94.24012619,74.07604545,90.16847785,58.37574832,0.329,82.12725,82.158,77.88489185,195.2666667,200.8666667,113.6863747,323.225,81.53725,99.15,48.92583333,56.4925,8.813333333,208.3025,176.111044,5.083333333,149.2891667,66.03283637,141.7100833,134.0215,84.60175,93.1625,226.0825833,109.4813374,4.29,3.146666667,3.213333333,13096.225,10546.125,7066.1,5691.375,2836.625,47.9,931.225,221.125,1081.325,555.05,1530.05,1304.325,8769.05,2534.72025,1620.98575,856.22125,57.51325,2475.3135,947.787,1527.5265,-739.925,1301.575,2041.5,-751.175,10677.4,2782.2355,1728.4975,1092.98725,67.06675,3226.19275,1159.74675,2073.55825,-711.275,1465.975,2177.25
2006,13815.6,13862.05,13636.58622,16433.15,16483.55,16220.06338,12056.625,150.9317748,107.4654113,66.06594962,5.011934935,1.314313304,11805.18771,94.21209579,76.5319957,91.15068316,59.63785061,0.329,84.44,84.126,80.34571011,201.5583333,205.9166667,116.985146,336.1916667,84.0745,102.05,58.8875,66.01833333,6.744166667,220.4225,172.3621444,4.608333333,151.4088333,66.17072975,144.4175833,136.4321667,85.443,95.32225,228.8146667,110.6954231,4.791666667,4.726666667,4.964166667,14025.375,11301.975,7479.65,6056.75,3130.975,34.3,1016.55,181.1,1215.45,683.575,1696.1,1456.4,9277.25,2700.9545,1793.801,838.164,68.98925,2623.84625,1001.189,1622.657,-786.45,1470.175,2256.625,-819.325,10986.775,2867.9025,1867.26025,1010.87775,84.864,3277.2435,1187.27075,2096.281,-712.075,1604.925,2317
2007,14474.25,14569.9,14277.64184,16762.45,16867.775,16534.88003,12330.75,152.1266653,108.6907567,65.87697256,5.015572545,1.375638971,12030.92944,94.24187787,79.2017651,91.83324268,60.75879885,0.329,86.60675,86.0015,82.97431261,207.3441667,210.7250833,119.9571358,351.0649167,86.3515,105.5,67.13416667,72.31833333,6.984166667,220.2075,163.8249331,4.616666667,153.1230833,66.03959066,146.0501667,137.9786667,86.79375,95.973,231.867,111.2580337,4.629166667,4.353333333,5.019166667,14461.925,11932.1,7878.475,6396.4,3286.925,41.475,953.875,186.275,1325.25,780.05,1595.8,1258.025,9746.575,2673.01025,1948.563,690.4975,33.95,2790.556,1051.02475,1739.5315,-735.95,1659.3,2395.25,-740.875,11253.85,2796.02275,1996.05925,821.92075,38.045,3335.8565,1210.4395,2131.694,-630.9,1745.55,2376.45
2008,14769.85,14915.05,14842.03914,16781.5,16940.125,16862.33067,12221.025,153.1454282,110.1059868,65.64618021,5.017333438,-0.472627318,12300.09618,94.70872244,81.51929026,92.61656631,61.81167772,0.329,89.16975,87.6875,85.11868843,215.25425,215.5650833,124.4350812,364.0715,87.97725,108.625,92.29583333,99.57166667,8.855,202.1675,160.0988074,5.8,154.3215833,66.00942782,145.37325,137.225,87.93075,93.89125,233.788,111.6742583,3.666666667,1.365,1.9275,14578.675,12425.65,8056.85,6534.125,3402.05,39.5,920.775,290.25,1345.85,805.675,1345.625,955.45,10050.075,2477.61325,1990.87075,515.9835,-29.24125,2983.035,1151.9605,1831.07475,-740.875,1835.275,2576.175,-704.25,11270.725,2564.26,2008.3165,622.9555,-32.33125,3420.0865,1287.19825,2136.81775,-478.8,1846.6,2325.4
2009,14478.05,14628.3,15183.92911,16349.125,16514.05,17146.30323,11754.375,154.0003247,111.33897,65.36790059,5.011711269,-4.649428956,12545.39509,95.29858223,82.75086457,93.50928091,62.6543008,0.329,88.92125,88.5025,87.46031686,214.5646667,219.2366667,123.8595137,375.6081667,88.5565,110.35,59.3675,61.65416667,3.9525,190.035,171.9344561,9.283333333,154.1885,65.39015987,139.8939167,131.2900833,91.5085,86.79725,235.801,112.2956456,3.256666667,0.15,0.16,14286.35,12065.675,7759.025,6249.125,3124.15,27.6,910.5,347.575,1272.85,565.625,1425.65,1076.875,9891.225,1929.6635,1690.43175,390.00375,-150.77175,3076.33825,1220.78475,1855.55325,-419.175,1582.775,2001.95,-383.1,11123.575,2025.28975,1716.39,487.933,-170.28125,3542.7145,1367.3855,2177.853,-338.675,1693.125,2031.775
2010,15048.975,15254.6,15591.4612,16789.775,17013.925,17395.37684,12139.2,154.7453129,112.4125377,65.04614872,4.993157736,-3.483098194,12765.19322,95.85432969,83.75506546,94.42641641,63.3823923,0.329,90.5135,89.785,89.73651692,218.0761667,221.3358333,125.6257954,388.4231667,89.6185,112.125,75.9175,79.395,4.3875,184.41,164.5815768,9.608333333,153.88525,64.70453427,139.0771667,130.3346667,94.37075,86.89325,237.8293333,112.9034106,3.214166667,0.136666667,0.175,14979.525,12556.6,7925.35,6372.5,3289.825,38.675,1069.8,433.675,1211.05,536.625,1774.45,1388.7,10260.25,2165.47275,1734.98075,376.57475,53.91725,3155.55125,1300.15725,1855.3935,-532.3,1857.25,2389.575,-439.8,11335.625,2309.04325,1794.28525,472.83,54.39375,3539.65425,1422.589,2117.0125,-388,1907.25,2295.25
2011,15599.725,15837.65,16162.30518,17052.4,17306.225,17667.45321,12389.75,155.4548832,113.6495598,64.69535061,4.957550478,-3.481879875,13012.62796,96.40818327,85.32213624,95.35254714,64.23970997,0.329,92.80375,91.2095,91.55817892,224.923,225.0064167,129.4616803,400.24125,91.466,113.95,102.5008333,94.87416667,3.996666667,176.4675,157.2972692,8.933333333,153.6236667,64.11214185,139.8851667,131.9196667,94.346,88.71175,239.6175,113.54023,2.785833333,0.0525,0.101666667,15624.025,13309.6,8226.175,6626.175,3641.35,63.925,1164.4,506.55,1216.05,690.425,1862.45,1449.85,10698.85,2332.56225,1907.46475,378.8355,46.262,3147.929,1299.76275,1848.16675,-579.625,2115.85,2695.475,-460.325,11528.5,2463.141,1951.25325,472.15,44.37125,3426.85175,1384.19875,2042.31875,-361.625,2044.15,2405.8
2012,16253.95,16486.675,16744.59086,17442.775,17686.3,17969.0614,12803.2,156.1902013,115.0454677,64.33576634,4.903496253,-2.927712357,13291.50246,96.99932703,87.32959031,96.28776132,65.21647552,0.329,94.534,92.8965,93.37331396,229.5860833,229.7568333,131.980374,414.9234167,93.176,116.025,101.0708333,94.11083333,2.7525,181.25,162.8915325,8.075,154.9738333,63.70080642,142.4745833,134.15425,95.226,90.8265,243.2843333,114.555125,1.8025,0.085833333,0.14,16407.625,13917.8,8567.375,6928.15,3937.95,60.975,1238.95,534.5,1271.8,831.725,2057.75,1652.375,11047.375,2621.7535,2118.52725,432.015,71.21175,3136.4705,1287.01025,1849.4605,-551.625,2217.7,2769.325,-424,11686.125,2735.269,2137.12625,533.309,69.17875,3355.9575,1357.85525,1997.7035,-338.425,2126.3,2464.725
2013,16880.675,17110.925,17339.02675,17812.175,18049.25,18296.0544,13139.5,156.9754233,116.5530004,63.9868428,4.833032058,-2.645953204,13592.45632,97.63932149,89.56783517,97.23214805,66.25594802,0.329,95.7805,94.28475,94.50887688,232.95175,233.8104167,133.5905388,425.1325,94.786,118.225,98.02916667,97.90583333,3.726666667,193.7575,165.2113398,7.358333333,155.3975,63.25271919,143.9406667,136.3581667,95.79825,92.65275,245.6793333,115.2832927,2.350833333,0.058333333,0.1075,16910.5,14068.775,8835.075,7114.025,3913.675,87.525,1264.2,578.7,1201.6,781.65,2081.15,1682.325,11388.25,2838.32675,2221.31175,511.53775,105.477,3132.5765,1227.3835,1905.19275,-478.45,2287.9,2766.4,-351.2,11889.925,2938.66625,2238.56475,601.14025,103.5425,3275.59025,1283.91825,1991.76075,-304.325,2190.3,2494.6
2014,17608.125,17843.275,17975.06624,18261.7,18499.725,18642.76068,13586.725,157.8101508,118.1334138,63.66733769,4.751452453,-2.047172227,13911.47857,98.32239593,92.03859136,98.18579729,67.33985407,0.329,97.121,95.697,95.82573987,236.715,237.9023333,135.5204922,435.306,96.43625,120.625,89.56666667,93.25833333,4.368333333,203.11,170.0643087,6.158333333,155.92025,62.884711,146.3186667,138.9195,96.7595,94.8515,247.9465833,116.3690746,2.540833333,0.0325,0.089166667,17749.075,14784.1,9250.175,7476.325,4145.925,68.475,1301.475,598.525,1260.4,917.05,2212.825,1807.95,11874.475,3073.981,2425.1545,564.034,84.79175,3168.607,1217.07225,1951.5345,-508.925,2378.55,2887.45,-375.1,12226.45,3128.993,2421.0495,626.80075,85.09925,3247.26275,1251.93725,1995.34275,-347.575,2275.775,2623.325
2015,18295,18515.175,18499.92898,18799.6,19021.225,19010.14961,14087.6,158.6771333,119.8032315,63.38765218,4.666253611,-1.10699805,14248.86826,99.03024578,94.70988233,99.14894801,68.48000053,0.329,97.299,96.87425,96.82926739,237.00175,242.2575,135.3579931,446.76175,97.27675,123.325,46.51416667,48.68833333,2.6125,213.5425,194.4001354,5.275,157.1380833,62.65481503,148.8446667,141.80125,97.98275,97.12525,250.8005833,117.7806628,2.135833333,0.0525,0.1325,18388,15473.725,9699.425,7859.5,4293.675,55.45,1292.25,601.375,1347.725,996.875,2173.15,1777.9,12297.45,3288.4815,2507.50375,640.85525,140.12275,3233.4195,1222.77675,2010.643,-524.3,2270.6,2794.95,-423.075,12638.8,3323.387,2498.88225,693.16225,133.63825,3313.57375,1252.73325,2060.776,-476.45,2283.05,2759.5
2016,18804.9,19036.275,19045.63524,19141.675,19372.9,19386.77163,14372.275,159.5411484,121.515095,63.14789197,4.585458479,-1.264597426,14589.63469,99.73252312,97.33344054,100.1218437,69.62402666,0.329,98.2845,98.42625,98.34982423,240.0054167,247.6035833,136.621433,463.6781667,98.208,126.25,38.67666667,43.14416667,2.4925,225.435,203.3829547,4.875,159.1875,62.78668344,151.4364167,144.3324167,98.58725,98.47925,253.5375,118.793292,1.841666667,0.3175,0.395,18752.025,15887.65,9966.125,8091.225,4383.425,36.05,1313.175,618.725,1388,1027.475,2144.325,1724.4,12726.85,3278.30525,2528.99475,710.24225,39.06825,3303.03075,1237.353,2065.67775,-503.275,2235.55,2738.8,-401.35,12949.025,3320.23775,2544.77825,742.16575,33.35975,3378.50825,1259.96975,2118.536,-505.825,2293.875,2799.725
2017,19612.1,19905.05,19766.60536,19612.1,19905.05,19767.00623,14803.1,160.3517321,123.2721057,62.93978114,4.515782912,-0.78565949,14931.31895,100.3998273,100,101.1139751,70.78101201,0.329,100,100,100,245.121,252.1525,139.0331549,475.3174167,99.99975,129.475,49.22666667,50.88416667,2.960833333,239.2425,202.2576043,4.358333333,160.3193333,62.85099124,153.3345833,146.6108333,100.0575,99.93925,255.079,119.846609,2.33,0.930833333,1.001666667,19544.175,16662.775,10424.375,8474.425,4681.65,41,1387.625,642.05,1466.675,1144.3,2225.225,1726.35,13290.625,3467.66425,2661.1,773.89075,32.674,3397.14075,1266.05425,2131.0865,-543.325,2388.25,2931.575,-378,13290.625,3467.66425,2661.1,773.89075,32.67375,3397.1405,1266.05425,2131.0865,-543.35,2388.275,2931.6
2018,20656.525,20946.85,20637.62726,20193.925,20490.925,20175.36074,15312.475,161.0829138,125.2475893,62.75329722,4.461155626,0.092519317,15296.90617,101.0940566,102.9731921,102.1432199,72.0160145,0.329,102.047,101.89675,101.7457625,251.0995,257.5614167,141.838966,484.7040833,102.28975,133.4,61.025,64.93833333,3.141666667,253.83,200.7008766,3.891666667,162.07825,62.87196716,155.763,148.8965833,101.5015,101.91025,257.7906667,121.3720524,2.91,1.939166667,1.831666667,20593.075,17528.2,10957.375,8899.8,4956.175,32.1,1463.175,671.475,1554.5,1234.925,2365.15,1844.575,13934.45,3724.7705,2856.4705,811.89175,56.40775,3590.381,1346.295,2244.0855,-593.05,2538.1,3131.15,-441.175,13654.95,3668.08125,2844.31875,768.54925,54.297,3464.9995,1309.944,2155.17225,-593.55,2456.425,3049.975
2019,21539.975,21821.875,21423.77499,20715.65,21000.95,20604.28094,15784.65,161.7614277,127.3738114,62.58004662,4.421998319,0.537906858,15676.00519,101.7836363,106.0216528,103.1803604,73.30083038,0.329,103.50875,103.573,103.2458639,255.6525833,263.2129167,143.9028026,498.4019167,103.9815,137.35,57.88166667,56.98416667,2.565833333,266.5625,207.0886662,3.675,163.5365,63.0986297,157.5370833,150.906,103.6685,102.85625,259.175,122.7647443,2.144166667,2.060833333,2.158333333,21482.95,18363.175,11446.6,9325.15,5194.2,33.775,1521.975,688.425,1603.525,1346.5,2471.3,1938.3,14437.55,3893.73375,2993.65325,827.125,72.95525,3785.9955,1419.49975,2366.4955,-577.3,2539.375,3116.675,-447.25,13948.125,3783.9875,2952.153,761.625,72.3855,3600.3825,1360.30625,2240.18725,-616.325,2469.525,3085.85
2020,21354.125,21565.7,22145.24976,20267.575,20482.375,21020.94796,15352.875,162.4741836,129.3795225,62.42096034,4.39544149,-3.585955336,16036.34197,102.4539749,108.5917459,104.219225,74.49522922,0.329,104.641,104.951,105.4165456,258.8461667,267.7095,145.4540954,518.8515833,105.37975,141.375,37.27333333,39.2275,2.033333333,287.455,211.525247,8.091666667,160.7665833,61.75595782,147.81475,142.1645,109.17125,95.06825,260.329,125.87796,0.894166667,0.365,0.375833333,21246.475,19620.1,11596.425,9465.65,5244.575,46.325,1547.675,738.125,1508.975,1403.475,2411.275,1966.025,14225.625,3755.01275,2870.47925,920.60475,-36.07125,3999.63775,1523.0165,2476.621,-626.2,2151.15,2777.35,-572.9,13594.725,3612.0945,2815.491,820.068,-29.64375,3721.75825,1445.5445,2277.2235,-663.425,2145.35,2808.775
2021,23681.175,23833.85,23616.82426,21494.8,21648.675,21439.92535,16517.575,163.3701064,131.2344078,62.29482711,4.378549466,0.250612428,16388.28775,103.1351902,111.1082105,105.2558626,75.62727449,0.329,108.97225,108.7045,107.5373035,270.9658333,277.2493333,151.9576978,525.24925,110.1725,147.05,65.36416667,67.9875,3.908333333,335.19,202.3203735,5.35,161.21325,61.66207658,152.5865,146.2759167,111.339,100.21825,261.4451667,126.7637186,1.4425,0.044166667,0.08,23679.6,21419.5,12557.025,10315.575,5768.275,75.55,1739.725,772.275,1480.25,1700.475,3077.575,2675.425,16113.925,4223.77175,3079.08775,1132.49125,12.19275,4203.48225,1603.184,2600.29875,-860.05,2555.425,3415.475,-879.375,14787.225,3929.2025,2985.2045,909.363,11.63575,3711.43,1471.9985,2241.8325,-936.575,2284.3,3220.85
2022,26006.9,26156.175,25850.64458,22034.85,22176.925,21902.2629,16930.75,164.4942257,133.1479804,62.18596742,4.359774919,0.605456112,16776.44518,103.9057968,114.1187116,106.3009238,76.84419133,0.329,116.11075,114.52125,110.2027112,292.6205833,294.306,163.6237958,546.5324167,118.0415,154.775,91.84583333,94.78666667,6.42,380.77,215.326089,3.633333333,164.2924167,62.23822413,158.29825,152.5313333,109.69475,104.265,263.9735,128.6056919,2.951666667,2.021666667,1.683333333,26082.5,22088.925,13436.725,11123.15,6217.875,95.95,1777.625,870.275,1634.875,1839.15,3316.75,2871.85,17690.85,4821.2215,3492.773,1178.80175,149.64675,4453.76525,1641.0355,2812.72975,-958.925,3017.4,3976.3,-1020.95,15236.225,4164.33025,3192.921,831.58325,119.111,3669.867,1424.284,2245.75875,-1041.7,2455.925,3497.625
2023,27720.725,27820.725,27385.43785,22671.075,22769.375,22397.32005,17420.25,165.8779086,135.0216281,62.09202099,4.341265386,1.220274377,17197.06543,104.8129029,117.2907324,107.3553189,78.08902483,0.329,120.49125,119.26775,113.0797477,304.70075,308.3806667,169.9600243,549.06825,122.272,161.9,74.51416667,77.63583333,2.535833333,399.5325,212.9905248,3.625,167.123,62.60627846,161.0448333,156.0655,111.6245,105.42425,266.9421667,130.265915,3.9575,5.068333333,5.024166667,27476.1,23402.55,14190.15,11725.25,6760.975,71.275,1877.725,989.075,1891.975,1930.925,3546.5,3056.975,18822.775,4984.7605,3831.57375,1111.49125,41.69525,4710.52225,1762.6265,2947.896,-797.35,3052.45,3849.8,-915.875,15621.7,4169.22125,3384.5415,762.673,33.054,3811.76925,1466.09725,2345.083,-932.8,2523.8,3456.625
2024,29166.165,29220.41,28696.0925,23290.9375,23351.2875,22915.665,17919.8275,167.468375,136.8343871,62.00562026,4.323206907,1.637112696,17635.6275,105.8318,120.5044,108.4083678,79.30943062,0.329,123.49875,122.620225,115.994325,313.608275,318.912125,174.39995,563.1977,125.223325,168.291325,73.532505,76.54520833,2.17784375,420.092525,216.5809969,4.04648475,168.243025,62.6449025,161.468575,158.576175,114.08005,106.113575,268.5656244,131.818625,4.188038,4.9743415,5.14333225,28984.5975,24676.675,15038.8475,12416.17,7026.18125,40.0540275,1963.7495,1052.83075,1979.5545,1989.9925,3796.225,3317.3565,19805.34,5294.74475,4039.23325,1185.764,69.747505,4981.80725,1861.28425,3120.523,-915.72245,3158.7005,4074.448,-1094.28825,16036.68,4355.88425,3512.4405,794.025625,53.6555,3933.426,1498.25225,2433.907,-1042.76575,2594.92525,3637.616
2025,30441.0775,30492.3525,30003.27,23785.7725,23843.1375,23443.525,18356.1675,169.2639,138.501395,61.92596675,4.316622425,1.460637921,18087.355,106.939425,123.59895,109.4744707,80.49840089,0.329,126.205275,125.63165,118.481475,320.61815,327.100075,177.8717,573.4638,127.976275,174.156425,64.81729,68.58540652,3.106441667,434.618775,221.2342264,4.27725475,170.66285,62.6489675,163.36275,159.95635,116.036625,106.86675,272.4125541,133.26595,4.09379675,3.84264925,4.017474,30377.4475,25890.0075,15792.565,13022.94,7438.3855,42.195155,2048.1835,1075.86125,2165.597,2106.5485,3894.7195,3389.28825,20734.1125,5553.22825,4201.548,1262.404,89.276365,5156.9995,1913.54375,3243.45575,-1003.262925,3196.7065,4199.9695,-1175.46975,16428.34,4501.47625,3603.55025,825.94185,70.79638,3969.46125,1509.00775,2459.07675,-1123.23025,2633.285,3756.5155
2026,31640.63,31693.645,31325.905,24220.5425,24278.5975,23979.4575,18736.3425,171.123725,140.1280052,61.85651247,4.301879871,1.006174829,18546.8025,108.0778,126.56185,110.5857166,81.67383189,0.329,128.8814,128.316625,121.125775,328.446225,334.94095,181.64895,592.651775,130.6319,180.00095,64.357575,67.90313832,3.620816667,448.8976,214.8136248,4.3643125,173.37535,62.41959,165.80865,160.80275,117.826,107.423625,277.7588942,134.534075,3.935791,3.30332025,3.484535,31645.5825,27110.2875,16536.5475,13622.6925,7794.7415,45.45184,2137.46575,1115.48775,2267.56725,2228.76925,3932.928,3397.55525,21503.5675,5807.639,4348.86275,1378.55175,80.2244425,5311.4485,1948.01,3363.4385,-982.02345,3340.934,4322.95725,-1152.273,16684.4025,4650.57025,3696.563,881.52295,63.283345,3979.60775,1506.48775,2471.4745,-1096.867,2710.4395,3807.307
2027,32840.9525,32893.75,32659.9875,24647.6275,24704.9025,24511.6425,19107.0125,172.73805,141.8994206,61.79552067,4.28033685,0.555533338,19004.5925,109.068225,129.5709,111.7566786,82.92991649,0.329,131.492275,130.94325,123.79935,336.050975,342.641675,185.284475,609.57855,133.23835,185.7687,64.611695,67.90352067,3.687458333,463.037125,205.8624691,4.39348575,174.006575,62.1134825,166.3616,161.38755,119.61225,107.91285,280.143735,135.7931,3.914938,3.174295,3.3482245,32865.7025,28313.28,17247.2125,14196.95,8141.54025,48.1601375,2219.723,1150.91175,2400.537,2322.2085,3947.08825,3378.03525,22264.82,6083.1715,4516.285,1482.69575,84.1907175,5470.231,1990.002,3480.22925,-977.27175,3536.02475,4513.2965,-1151.86175,16932.0575,4802.89575,3801.181,922.707075,65.3748225,3987.92775,1504.584,2481.43675,-1072.183,2810.87925,3883.06275
2028,34078.36,34118.8625,34027.7725,25077.71,25125.34,25040.3275,19481.5825,174.07085,143.8502517,61.74094599,4.255366981,0.149949421,19464.0625,109.914625,132.6308,112.9922341,84.28092133,0.329,134.123125,133.616975,126.519375,343.636225,350.46435,188.945325,627.8366,135.887425,191.526375,65.4568825,68.588026,3.609258333,477.870125,199.541637,4.404363,174.6147,61.8829825,166.92405,161.9697,121.3808,108.425125,282.1696345,137.0466,3.89476675,3.16797375,3.358254,34109.455,29611.16,17969.8875,14796.3675,8535.691,50.594935,2297.964,1178.91325,2600.36675,2407.852,3940.33175,3344.8095,23071.8175,6320.9675,4677.6775,1558.21025,85.0798475,5628.331,2031.52775,3596.80325,-942.75585,3729.308,4672.064,-1137.7765,17201.51,4915.73225,3895.43725,942.407,64.8701825,3994.6255,1502.00375,2490.41375,-1022.4745,2905.552,3928.0265
2029,35378.35,35395.3,35433.7525,25525.64,25555.835,25565.52,19876.54,175.1766,145.9404476,61.690743,4.229850636,-0.155598296,19926.015,110.684725,135.68295,114.2690408,85.68100082,0.329,136.783625,136.3282,129.28915,351.34115,358.472425,192.6779,647.008975,138.59545,197.325025,66.6809725,69.74212331,3.477633333,493.943875,196.3603208,4.38587225,175.295275,61.73393,167.60705,162.612,123.20405,108.986075,283.9531341,138.282475,3.871822,3.14058275,3.33545375,35412.1175,30932.52,18712.3525,15404.2525,8934.86675,52.839055,2375.27975,1208.7205,2791.95175,2506.0755,3965.02075,3352.3305,23974.0975,6542.322,4831.27575,1621.85125,89.194765,5787.349,2074.569,3712.77975,-925.421425,3898.77675,4824.198,-1152.8635,17526.5025,5014.34075,3981.7905,954.843875,66.81835,4000.381,1500.95425,2497.0125,-996.61275,2984.285,3980.89775
2030,36738.81,36731.9275,36865.2475,25990.665,26003.86,26080.0525,20292.0525,176.122725,148.0780195,61.64286676,4.205593073,-0.34251046,20383.115,111.369775,138.724775,115.5557715,87.10744524,0.329,139.481625,139.075225,132.111225,359.203825,366.655925,196.4891,666.5803,141.349975,203.213075,68.279295,71.35965708,3.383475,511.4074,194.3965679,4.37653975,176.03015,61.632265,168.326125,163.31845,125.090325,109.586575,285.6137996,139.468875,3.850999,3.10631275,3.3017425,36774.2925,32263.0275,19468.305,16015.7225,9317.44575,54.893505,2453.52925,1239.5535,2962.3255,2607.14425,4068.1835,3438.33025,24952.935,6766.1135,4991.68725,1679.6655,94.7605975,5949.549,2119.348,3830.20125,-929.78485,4060.75625,4990.541,-1191.444,17889.1675,5114.15375,4072.96525,964.05605,69.8114,4006.791,1501.60975,2502.63925,-994.646325,3056.39725,4051.04375
2031,38151.325,38120.605,38326.5025,26464.315,26461.1525,26585.7975,20719.87,176.95925,150.2360764,61.59527699,4.183790816,-0.456839793,20836.765,111.97605,141.7813,116.8558599,88.56408079,0.329,142.22415,141.8633,134.991275,367.23835,375.009675,200.379975,686.98815,144.15735,209.22105,70.0405,73.17575061,3.227841667,529.936975,192.90706,4.370992,176.801075,61.553945,169.07315,164.05795,126.979325,110.232225,287.2296467,140.548175,3.83681575,3.07493775,3.268692,38188.285,33596.345,20239.99,16641.3875,9670.057,56.7652,2535.68125,1236.5505,3130.9805,2710.07925,4242.9795,3595.00225,26006.79,6994.84875,5178.19925,1718.119,98.5306625,6114.43925,2163.1,3951.3395,-964.751975,4221.54175,5186.29375,-1260.78575,18285.165,5214.6805,4182.838,961.956575,71.4458175,4012.8315,1501.327,2508.763,-1020.05325,3125.892,4145.946
2032,39626.7225,39576.2925,39824.6425,26951.98,26935.8825,27086.5875,21166.5025,177.70705,152.4220156,61.54589579,4.164492642,-0.49693579,21291.4625,112.51675,144.925725,118.1666625,90.06190146,0.329,145.015275,144.69555,137.927525,375.461725,383.545975,204.353775,707.9645,147.023,215.3813,71.8561325,75.0477112,3.0955,549.393,191.1933506,4.362825,177.558625,61.4843975,169.812025,164.766475,128.9654,110.874225,288.7865781,141.513275,3.82672175,3.05123425,3.24278525,39665.1475,34978.905,21031.155,17284.3825,10042.41175,58.470695,2624.8465,1240.67175,3302.997,2815.42625,4440.575,3769.09975,27103.075,7233.23575,5387.31675,1741.57825,104.34105,6291.74125,2214.76925,4076.972,-1001.328475,4387.70775,5389.03625,-1328.28275,18689.185,5318.8755,4307.348,951.695675,74.4642125,4023.7975,1505.9325,2515.16725,-1047.94325,3196.51475,4244.4585
2033,41154.23,41086.245,41361.0225,27444.37,27417.27,27582.27,21622.8825,178.374525,154.63057,61.49737797,4.146853453,-0.49995876,21747.5475,112.9981,148.1407,119.4858263,91.59927014,0.329,147.858025,147.57455,140.922125,383.8832,392.273625,208.411975,729.6153,149.950925,221.7164,73.7086775,76.95796213,3.01475,569.7372,189.7589198,4.349228,178.17665,61.42638,170.42735,165.425175,131.08905,111.42995,290.0654233,142.363275,3.81544225,3.03653,3.22660425,41194.14,36402.19,21842.505,17941.075,10420.4,60.0273725,2723.6575,1258.53425,3454.783,2923.3965,4633.56675,3935.1655,28248.6725,7468.3155,5600.3425,1760.405,107.5677,6476.622,2270.15125,4206.471,-1039.38025,4556.98225,5596.3625,-1395.24825,19104.63,5417.3675,4431.58,939.2465,75.60159,4035.08875,1511.308,2521.191,-1077.25075,3267.334,4344.58475
2034,42727.63,42641.9025,42942.3375,27937.7775,27899.9675,28078.165,22084.98,179.02765,156.8364184,61.4676461,4.129598595,-0.499988175,22209.4075,113.465225,151.3933,120.8172243,93.15951998,0.329,150.7539,150.502725,143.97815,392.507925,401.198425,212.5577,751.91375,152.934425,228.225,75.3661,78.6778563,3.042733333,590.958125,188.8755303,4.33462775,178.79515,61.38672,171.0451,166.082525,133.283975,111.937075,291.2603865,143.139575,3.79712225,3.02567125,3.2148695,42769.0675,37885.7175,22677.575,18623.93,10841.94,61.474245,2828.84725,1287.9785,3629.0175,3034.6235,4823.117,4096.567,29442.6,7704.39175,5814.8765,1779.52525,109.9901,6662.886,2323.90675,4338.979,-1082.24825,4722.37375,5804.622,-1467.38975,19529.595,5514.23225,4554.6145,927.22605,76.19005,4044.5375,1515.666,2526.3655,-1111.57725,3335.2645,4446.84175
2035,44345.435,44242.305,44568.275,28429.58,28381.685,28572.4375,22549.6725,179.645575,159.0483567,61.45602823,4.112606724,-0.499983611,22675.2,113.9081,154.6756,122.1612647,94.74357132,0.329,153.70445,153.482275,147.098025,401.3399,410.325375,216.792125,774.897475,155.979275,234.910575,76.887885,80.26628063,2.9586,613.057625,188.1349516,4.31968175,179.386475,61.3659225,171.63755,166.71185,135.53435,112.394725,292.3226236,143.86075,3.7721005,3.01550075,3.2047755,44388.445,39444.9175,23536.2,19330.2925,11277.98,62.8210525,2935.9115,1329.71075,3800.37275,3149.16225,5019.98225,4263.86575,30672.13,7946.9795,6032.1645,1802.46575,112.3492,6850.1315,2377.085,4473.04625,-1123.803,4888.835,6012.63825,-1538.20825,19954.625,5613.1865,4677.7985,917.043175,76.7285575,4051.03125,1519.296,2529.364,-1145.88525,3402.576,4548.4615
